{
  "random_forest": {
    "mse": 122.34873331330691,
    "r2": 0.7887301336492415
  },
  "linear_regression": {
    "mse": 106.12125568316715,
    "r2": 0.816751486525452
  },
  "selected_model": {
    "name": "linear_regression",
    "r2": 0.816751486525452
  }
}